date,open,close,high,low,amount
2021-04-06,46.11,46.77,46.89,45.56,62213.57
2021-04-07,46.47,45.86,46.55,45.02,87343.29
2021-04-08,45.65,45.78,46.34,45.29,71270.92
2021-04-09,46.22,45.03,46.22,44.48,71576.76
2021-04-12,44.5,44.45,45.23,43.55,104126.65
2021-04-13,44.19,44.06,44.65,43.77,65773.21
2021-04-14,44.08,44.68,44.89,43.7,72084.09
2021-04-15,44.67,44.94,45.06,44.35,39672.43
2021-04-16,45.11,44.73,45.65,44.58,49650.18
2021-04-19,44.84,47.03,47.19,44.84,135324.42
2021-04-20,47.02,47.7,49.46,47.02,154089.66
2021-04-21,47.5,47.05,47.96,46.54,74652.64
2021-04-22,47.32,48.12,48.57,47.16,87749.78
2021-04-23,47.87,48.03,48.49,47.54,57958.66
2021-04-26,48.09,47.22,48.95,47.01,77310.9
2021-04-27,48.05,49.13,49.56,48.0,156721.15
2021-04-28,48.97,50.81,50.83,48.26,176873.43
2021-04-29,50.53,51.48,51.54,49.3,150884.85
2021-04-30,51.17,50.0,51.46,49.95,78159.34
2021-05-06,49.96,48.98,49.96,48.14,72125.26
2021-05-07,48.98,47.32,49.22,47.15,74691.12
2021-05-10,47.59,46.49,47.99,46.05,68277.64
2021-05-11,46.01,46.24,46.38,45.52,62853.96
2021-05-12,46.09,46.38,46.53,45.49,59224.94
2021-05-13,46.11,45.72,46.22,45.43,50663.17
2021-05-14,45.6,47.48,47.63,45.35,100854.61
2021-05-17,47.0,48.26,49.46,46.94,99531.34
2021-05-18,48.25,48.42,48.71,47.39,51559.75
2021-05-19,48.42,48.86,49.05,47.3,78191.67
2021-05-20,48.86,50.1,50.61,48.47,104331.61
2021-05-21,50.28,48.42,50.56,48.14,81014.23
2021-05-24,48.96,49.98,50.07,48.73,78865.42
2021-05-25,49.98,53.64,53.8,49.63,210197.41
2021-05-26,53.89,52.91,54.77,52.54,131375.91
2021-05-27,52.87,51.76,53.31,51.26,135297.63
2021-05-28,51.48,51.0,51.71,50.16,121244.02
2021-05-31,50.98,51.1,51.33,50.34,121745.33
2021-06-01,50.63,49.96,51.15,49.5,130512.53
2021-06-02,50.13,48.52,50.22,48.2,159206.08
2021-06-03,48.69,47.74,48.86,47.64,113836.98
2021-06-04,47.59,47.8,48.6,47.32,126589.3
2021-06-07,47.86,48.24,48.35,47.54,105226.82
2021-06-08,48.36,48.53,48.69,47.78,100292.76
2021-06-09,48.42,48.42,48.84,48.02,71734.54
2021-06-10,47.8,48.39,48.86,47.8,111616.19
2021-06-11,48.39,47.76,48.96,47.25,129368.66
2021-06-15,47.33,49.3,49.52,47.24,172745.71
2021-06-16,48.97,48.17,50.0,47.87,127702.55
2021-06-17,47.81,48.14,48.82,47.7,76628.11
2021-06-18,48.03,46.55,48.61,46.14,171412.26
2021-06-21,46.55,47.41,48.3,46.28,173542.14
2021-06-22,47.32,48.41,49.1,46.82,129173.2
2021-06-23,48.41,47.55,48.55,47.32,115266.28
2021-06-24,47.68,46.83,47.8,46.77,77695.05
2021-06-25,46.83,47.36,47.55,46.44,100097.42
2021-06-28,47.45,47.44,47.7,46.71,90470.81
2021-06-29,47.84,50.41,50.55,47.84,315033.62
2021-06-30,50.02,50.75,51.27,49.52,155501.76
2021-07-01,50.78,50.47,51.07,49.49,126764.54
2021-07-02,50.07,49.42,50.07,49.3,115328.93
2021-07-05,48.41,46.71,48.41,46.33,299601.57
2021-07-06,46.71,46.34,47.17,45.94,118350.73
2021-07-07,46.43,45.88,46.49,45.61,123979.08
2021-07-08,46.0,45.82,46.25,45.61,119316.77
2021-07-09,45.7,45.71,45.83,44.79,118746.39
2021-07-12,46.05,46.48,46.69,45.76,133178.68
2021-07-13,46.55,47.1,47.28,46.33,91488.85
2021-07-14,47.28,47.14,47.8,46.55,89505.06
2021-07-15,46.77,47.04,47.31,46.34,65081.24
2021-07-16,48.41,48.09,49.93,47.57,169762.73
2021-07-19,47.26,46.89,47.28,45.76,141040.9
2021-07-20,46.87,46.89,46.89,46.33,78196.08
2021-07-21,47.02,47.86,48.66,46.97,161240.63
2021-07-22,48.18,47.66,48.55,47.56,124977.07
2021-07-23,47.6,46.07,48.0,45.82,167232.93
2021-07-26,45.87,44.7,46.41,43.87,170924.61
2021-07-27,45.03,40.49,45.16,40.19,439404.55
2021-07-28,39.72,39.94,40.72,38.93,244170.01
2021-07-29,40.76,40.85,41.58,40.55,164231.46
2021-07-30,40.79,42.42,42.5,40.17,157914.91
2021-08-02,41.83,41.97,43.24,41.45,170600.27
2021-08-03,42.39,41.99,42.49,41.56,118735.33
2021-08-04,42.31,42.1,42.59,41.78,99065.44
2021-08-05,42.06,40.81,42.06,40.42,150328.46
2021-08-06,40.82,39.73,41.05,39.33,201208.74
2021-08-09,39.33,41.42,41.5,39.32,162459.23
2021-08-10,41.06,41.35,41.48,40.49,96612.82
2021-08-11,41.11,40.78,41.51,40.6,137692.55
2021-08-12,40.64,40.21,41.19,40.03,139751.13
2021-08-13,40.18,39.13,40.43,39.06,177814.48
2021-08-16,39.03,39.33,39.69,38.7,128928.95
2021-08-17,39.4,38.82,39.48,37.94,184079.87
2021-08-18,38.53,40.37,41.09,38.09,303066.58
2021-08-19,40.55,42.46,43.01,40.55,384107.54
2021-08-20,42.26,40.71,42.63,39.79,220385.03
2021-08-23,40.53,42.12,43.24,40.53,248853.5
2021-08-24,42.53,42.39,43.09,41.68,180261.02
2021-08-25,42.55,43.38,43.79,42.33,190853.83
2021-08-26,43.33,41.29,43.33,41.08,211045.15
2021-08-27,41.23,39.68,41.26,39.33,233780.11
2021-08-30,39.33,38.03,39.58,36.81,286713.65
2021-08-31,37.64,37.69,38.13,36.61,200282.23
2021-09-01,37.97,38.24,38.87,36.87,272679.18
2021-09-02,38.41,37.31,39.16,37.09,274212.77
2021-09-03,40.33,41.09,41.09,40.28,331924.33
2021-09-06,43.03,44.58,45.01,41.09,704430.93
2021-09-07,45.72,45.23,45.95,44.64,439807.71
2021-09-08,45.72,45.71,47.05,44.84,399609.28
2021-09-09,44.95,42.72,45.54,42.53,387734.02
2021-09-10,43.36,43.2,44.6,42.78,393118.7
2021-09-13,43.45,43.89,45.29,42.55,375237.83
2021-09-14,44.41,41.93,44.41,41.79,336352.77
2021-09-15,41.95,41.44,42.26,40.64,182048.14
2021-09-16,40.95,40.79,41.3,40.5,140967.17
2021-09-17,40.78,41.71,41.86,40.69,126129.36
2021-09-22,41.03,40.65,41.66,40.37,116469.57
2021-09-23,40.87,41.39,41.76,40.66,146584.88
2021-09-24,41.4,41.61,41.95,41.01,128298.98
2021-09-27,41.37,41.89,42.96,41.33,165619.7
2021-09-28,42.26,42.26,42.49,40.96,136414.86
2021-09-29,41.87,41.68,42.1,40.33,158034.86
2021-09-30,41.68,43.63,44.39,41.33,201783.11
2021-10-08,43.68,44.76,44.95,43.43,166172.72
2021-10-11,44.31,43.22,44.75,43.17,143064.31
2021-10-12,43.26,43.26,43.79,42.56,107047.25
2021-10-13,43.18,43.76,44.01,42.24,99082.83
2021-10-14,42.74,43.49,44.09,42.74,71803.78
2021-10-15,43.41,44.27,44.48,43.11,151693.75
2021-10-18,44.24,43.49,44.56,42.69,109828.23
2021-10-19,43.53,45.15,47.88,43.25,429295.65
2021-10-20,45.15,44.06,45.63,43.95,181890.84
2021-10-21,44.06,43.49,44.71,43.32,103240.78
2021-10-22,43.65,44.2,44.83,43.5,118005.4
2021-10-25,44.25,45.76,46.16,43.85,152231.03
2021-10-26,45.53,46.37,47.09,45.5,170720.11
2021-10-27,46.18,46.69,47.06,45.26,129616.9
2021-10-28,46.49,46.22,47.2,45.72,165146.99
2021-10-29,45.87,48.03,48.28,45.72,317294.27
2021-11-01,48.37,47.45,48.39,46.66,169923.24
2021-11-02,47.63,47.44,48.12,46.78,109999.87
2021-11-03,47.26,47.26,47.86,47.14,69681.4
2021-11-04,47.12,48.49,48.59,46.87,132235.81
2021-11-05,48.41,48.34,49.65,48.06,143907.02
2021-11-08,48.65,47.38,49.16,47.11,114958.72
2021-11-09,46.79,46.55,46.79,44.78,185773.41
2021-11-10,46.38,45.79,47.16,45.43,106213.79
2021-11-11,45.64,47.25,47.39,45.16,125508.7
2021-11-12,47.23,48.04,49.13,47.23,136911.93
2021-11-15,48.3,48.33,49.03,47.16,113667.68
2021-11-16,48.33,47.33,48.78,47.01,92749.19
2021-11-17,47.01,47.15,47.78,46.92,66157.16
2021-11-18,46.72,44.78,46.89,44.46,187519.22
2021-11-19,44.67,44.64,45.14,44.41,83134.8
2021-11-22,44.6,44.1,44.93,43.8,172269.68
2021-11-23,44.18,44.84,45.23,43.86,148039.28
2021-11-24,45.26,44.05,45.41,43.87,107912.17
2021-11-25,44.41,43.41,44.41,43.1,95860.78
2021-11-26,43.41,43.53,43.95,42.69,78483.88
2021-11-29,43.33,44.43,44.63,43.27,143331.62
2021-11-30,44.56,44.49,45.24,44.18,99685.57
2021-12-01,44.53,44.6,45.33,44.33,86421.9
2021-12-02,44.54,44.06,44.79,43.92,84002.73
2021-12-03,44.26,44.76,45.06,44.18,85811.51
2021-12-06,44.76,44.82,45.69,44.59,108363.01
2021-12-07,45.26,45.72,45.93,45.03,132179.65
2021-12-08,45.7,46.69,47.16,45.37,132928.24
2021-12-09,46.49,47.83,48.86,46.49,188568.61
2021-12-10,47.77,47.29,47.77,46.55,113039.15
2021-12-13,47.64,47.96,49.56,47.38,157654.88
2021-12-14,47.84,48.33,48.33,47.61,96249.76
2021-12-15,48.45,47.71,48.49,47.64,94995.27
2021-12-16,48.33,47.98,48.33,47.26,69641.11
2021-12-17,48.03,47.78,48.34,47.49,68696.89
2021-12-20,47.78,47.49,48.47,47.26,89369.0
2021-12-21,47.75,48.93,48.95,47.31,162014.6
2021-12-22,49.03,48.48,49.47,48.42,133630.52
2021-12-23,48.48,48.8,49.6,48.48,141845.81
2021-12-24,48.76,48.56,48.81,47.89,97051.89
2021-12-27,48.59,47.56,48.72,47.25,74604.24
2021-12-28,47.95,48.43,48.76,47.64,76960.07
2021-12-29,48.43,47.56,48.64,47.03,70468.09
2021-12-30,47.53,47.1,48.1,46.6,103614.93
2021-12-31,47.26,47.37,47.76,46.89,80658.96
2022-01-04,47.42,47.62,48.02,46.56,106763.44
2022-01-05,47.93,47.87,48.71,47.65,97427.97
2022-01-06,47.8,45.45,47.8,45.26,147758.4
2022-01-07,45.48,44.79,45.87,44.75,108660.24
2022-01-10,44.72,44.93,45.34,44.56,79472.42
2022-01-11,44.83,44.12,45.18,44.1,67016.36
2022-01-12,44.33,44.95,45.05,44.1,88374.91
2022-01-13,45.06,44.56,45.61,44.49,70266.28
2022-01-14,44.29,43.89,44.94,43.79,87032.61
2022-01-17,44.16,44.52,44.79,43.5,117822.93
2022-01-18,44.64,45.6,45.87,44.22,197845.99
2022-01-19,45.19,45.66,45.91,45.03,92581.48
2022-01-20,45.96,45.87,46.17,45.33,84732.05
2022-01-21,45.95,46.06,47.38,45.87,124439.94
2022-01-24,46.33,46.66,47.03,46.22,79997.99
2022-01-25,46.49,44.68,46.72,44.64,101507.82
2022-01-26,44.79,45.25,45.99,44.49,75171.24
2022-01-27,45.33,45.56,47.64,44.96,227022.3
2022-01-28,45.77,44.62,47.1,44.57,138632.62
2022-02-07,45.2,44.42,45.56,44.03,97729.44
2022-02-08,44.26,44.23,44.41,41.88,148802.54
2022-02-09,44.55,45.01,45.37,43.73,86112.68
2022-02-10,44.78,43.0,44.95,42.84,133905.67
2022-02-11,42.84,40.86,43.24,40.68,177648.99
2022-02-14,40.37,39.73,40.89,39.49,132405.89
2022-02-15,39.94,41.71,41.83,39.87,100930.21
2022-02-16,41.86,41.33,42.06,41.16,52894.75
2022-02-17,41.15,40.92,41.4,40.78,68415.65
2022-02-18,40.86,40.71,41.1,40.24,98815.91
2022-02-21,40.72,40.5,41.1,40.22,119878.79
2022-02-22,40.2,39.4,40.2,39.03,152785.33
2022-02-23,39.47,40.33,40.45,38.99,177424.88
2022-02-24,39.99,38.85,40.05,38.03,176658.43
2022-02-25,39.05,39.77,39.79,39.03,122233.48
2022-02-28,40.04,39.75,40.24,39.18,69369.29
2022-03-01,39.75,39.69,39.94,39.45,62295.08
2022-03-02,39.41,39.11,39.72,39.05,69998.85
2022-03-03,39.21,38.97,39.43,38.56,85234.96
2022-03-04,38.6,38.26,38.92,38.03,122823.03
2022-03-07,38.16,37.52,38.16,36.86,123366.42
2022-03-08,37.59,37.1,38.4,36.61,131326.97
2022-03-09,37.46,36.49,37.55,34.41,177149.04
2022-03-10,37.09,35.48,37.53,35.41,155634.33
2022-03-11,34.95,36.05,36.13,34.39,145907.32
2022-03-14,35.68,34.47,35.97,34.47,159821.12
2022-03-15,34.33,33.33,35.33,33.03,185200.4
2022-03-16,34.02,34.19,34.33,32.38,185248.3
2022-03-17,35.18,35.43,36.16,34.83,187880.03
2022-03-18,35.39,35.18,35.68,34.69,100251.48
2022-03-21,35.44,35.18,35.95,34.79,83647.88
2022-03-22,35.18,35.66,35.99,34.83,94285.08
2022-03-23,35.68,35.46,36.02,35.34,70622.55
2022-03-24,35.25,35.26,35.56,34.96,42902.09
2022-03-25,35.49,34.73,35.83,34.69,69347.22
2022-03-28,34.18,34.13,34.49,33.6,92048.96
2022-03-29,34.4,33.83,34.53,33.78,58808.09
2022-03-30,34.18,35.45,35.56,34.08,98563.83
2022-03-31,35.45,33.76,35.45,33.49,206111.74
2022-04-01,33.49,32.66,33.89,32.56,257113.0
2022-04-06,32.68,32.29,33.22,32.12,152851.0
2022-04-07,32.49,31.91,32.75,31.88,136627.0
2022-04-08,31.51,31.48,32.16,31.23,99476.0
2022-04-11,31.36,30.06,31.45,29.98,158031.0
2022-04-12,30.12,30.33,30.38,29.29,167723.0
2022-04-13,30.03,29.5,30.21,29.37,131689.0
2022-04-14,29.73,29.81,29.91,29.34,154118.0
2022-04-15,29.49,29.03,29.64,28.87,137112.0
2022-04-18,28.95,29.36,29.49,28.53,105286.0
2022-04-19,29.54,28.91,29.62,28.64,125625.0
2022-04-20,29.03,28.47,29.24,28.43,115596.0
2022-04-21,27.81,27.49,28.62,27.29,180283.0
2022-04-22,27.32,26.86,27.53,26.39,217170.0
2022-04-25,26.33,25.35,26.54,25.35,270183.0
2022-04-26,25.33,24.21,25.62,24.2,212261.0
2022-04-27,24.21,26.49,26.67,24.06,338860.0
2022-04-28,26.01,26.19,27.24,25.91,256526.0
2022-04-29,26.33,28.86,28.86,25.7,345158.0
2022-05-05,28.41,27.7,28.49,27.37,327216.0
2022-05-06,27.18,27.47,28.31,26.72,185349.0
2022-05-09,27.41,27.54,28.09,27.26,114304.0
2022-05-10,27.27,27.99,28.29,27.11,184683.0
2022-05-11,27.95,28.73,29.42,27.87,216439.0
2022-05-12,28.66,28.53,28.88,28.34,79654.0
2022-05-13,28.7,28.45,28.97,28.18,73792.0
2022-05-16,28.63,28.33,29.0,28.08,76063.0
2022-05-17,28.21,28.29,28.5,27.91,64735.0
2022-05-18,28.46,28.23,28.58,28.13,77818.0
2022-05-19,27.65,27.83,27.96,27.39,70343.0
2022-05-20,27.81,28.09,28.43,27.69,122708.0
2022-05-23,28.27,27.88,28.41,27.53,93888.0
2022-05-24,27.95,26.33,27.95,26.33,121359.0
2022-05-25,26.09,26.49,26.74,26.04,108209.0
2022-05-26,26.64,27.4,27.56,25.76,141796.0
2022-05-27,27.91,27.37,28.17,27.27,108698.0
2022-05-30,27.49,28.33,28.48,26.96,145028.0
2022-05-31,28.36,30.41,30.67,28.09,303724.0
2022-06-01,30.29,29.87,30.59,29.6,198797.0
2022-06-02,29.86,30.55,30.86,29.32,228511.0
2022-06-06,30.49,32.03,32.26,30.26,268419.0
2022-06-07,32.03,32.83,33.59,31.26,244205.0
2022-06-08,32.82,32.52,33.02,31.79,134376.0
2022-06-09,32.52,31.4,33.13,31.29,174911.0
2022-06-10,31.09,32.56,32.83,30.79,176068.0
2022-06-13,32.22,31.89,32.52,31.74,103570.0
2022-06-14,31.1,32.01,32.13,30.59,141199.0
2022-06-15,32.03,33.3,35.18,32.03,351414.0
2022-06-16,33.58,31.69,33.58,31.54,257260.0
2022-06-17,31.26,32.47,32.49,31.11,175769.0
2022-06-20,32.55,32.48,33.18,32.05,161813.0
2022-06-21,32.64,34.33,34.68,32.13,274932.0
2022-06-22,34.11,32.77,34.22,32.72,193711.0
2022-06-23,32.72,34.19,34.6,32.41,243733.0
2022-06-24,34.26,34.37,34.68,33.64,163811.0
2022-06-27,34.49,34.71,35.7,34.29,188520.0
2022-06-28,34.69,34.72,34.95,33.71,109683.0
2022-06-29,34.73,33.62,34.92,33.39,194442.0
2022-06-30,33.62,33.06,33.95,32.77,166279.0
2022-07-01,33.18,32.64,33.39,32.43,89374.0
2022-07-04,32.99,34.96,35.33,32.78,244325.0
2022-07-05,34.79,34.25,35.37,33.69,127745.0
2022-07-06,34.25,33.8,34.91,33.3,125076.0
2022-07-07,33.78,33.1,34.06,32.86,106813.0
2022-07-08,33.26,33.18,33.79,33.1,77584.0
2022-07-11,32.95,31.73,33.07,31.49,161613.0
2022-07-12,31.74,30.86,32.06,30.72,133011.0
2022-07-13,31.05,30.99,31.47,30.86,79294.0
2022-07-14,30.99,31.59,32.08,30.87,97009.0
2022-07-15,30.83,29.34,31.22,28.99,311574.0
2022-07-18,29.34,31.26,31.48,29.33,196341.0
2022-07-19,31.16,30.92,31.48,30.63,84321.0
2022-07-20,31.26,31.41,31.63,30.68,98357.0
2022-07-21,31.27,31.11,31.87,31.1,99138.0
2022-07-22,31.26,31.23,31.63,30.74,116432.0
2022-07-25,31.39,31.26,31.44,30.59,84083.0
2022-07-26,31.23,31.95,32.13,31.19,113990.0
2022-07-27,31.86,32.35,32.58,31.76,101066.0
2022-07-28,32.53,32.43,33.08,32.14,116643.0
2022-07-29,32.43,32.23,32.93,32.12,103541.0
2022-08-01,32.1,32.06,32.18,31.33,90814.0
2022-08-02,31.78,31.17,31.78,30.43,101842.0
2022-08-03,31.41,31.18,31.86,31.06,88286.0
2022-08-04,31.62,31.43,32.21,31.22,67423.0
2022-08-05,31.67,33.77,34.03,31.56,187165.0
2022-08-08,33.87,33.35,34.0,33.09,83697.0
2022-08-09,33.03,32.68,33.3,32.28,80286.0
2022-08-10,32.64,31.81,32.68,31.52,87106.0
2022-08-11,32.01,33.15,33.33,31.86,107867.0
2022-08-12,33.03,32.89,33.36,32.58,57901.0
2022-08-15,33.04,32.34,33.1,32.13,65879.0
2022-08-16,32.57,31.16,32.59,30.89,182976.0
2022-08-17,31.18,31.45,31.66,30.89,91243.0
2022-08-18,31.93,30.92,32.08,30.84,90051.0
2022-08-19,30.66,30.86,31.7,30.54,86235.0
2022-08-22,30.64,30.81,31.44,30.55,120602.0
2022-08-23,30.83,30.97,31.52,30.66,85268.0
2022-08-24,31.08,29.95,31.37,29.7,101296.0
2022-08-25,30.04,30.11,30.29,29.4,75127.0
2022-08-26,30.3,32.08,32.72,30.14,322445.0
2022-08-29,31.63,32.34,32.97,31.34,185504.0
2022-08-30,32.24,32.97,33.21,32.15,157072.0
2022-08-31,32.69,33.28,33.8,32.64,169785.0
2022-09-01,33.39,34.14,34.92,32.85,189721.0
2022-09-02,34.14,34.01,34.39,33.65,91981.0
2022-09-05,33.84,33.37,34.11,33.02,134083.0
2022-09-06,33.61,33.3,33.62,33.0,77779.0
2022-09-07,33.19,33.23,33.33,32.8,96410.0
2022-09-08,33.25,33.63,34.29,33.04,98484.0
2022-09-09,33.6,34.94,35.14,33.14,174599.0
2022-09-13,35.22,35.79,36.19,34.65,172314.0
2022-09-14,35.42,35.94,36.2,35.14,158009.0
2022-09-15,35.9,35.35,36.22,35.07,119621.0
2022-09-16,35.44,33.63,35.94,33.52,352262.0
2022-09-19,33.78,33.33,34.02,33.06,152996.0
2022-09-20,33.33,32.41,33.74,32.11,128915.0
2022-09-21,32.3,32.38,32.99,31.39,114324.0
2022-09-22,32.07,32.44,32.78,31.86,71269.0
2022-09-23,32.45,32.16,33.0,31.84,76432.0
2022-09-26,32.1,31.68,32.94,31.5,107828.0
2022-09-27,31.95,33.31,33.54,31.68,136166.0
2022-09-28,33.24,33.15,33.6,32.56,85975.0
2022-09-29,33.51,33.16,34.29,32.95,118994.0
2022-09-30,33.43,33.53,34.38,33.24,101961.0
2022-10-10,33.53,33.1,33.92,32.97,87162.0
2022-10-11,33.44,32.08,33.49,31.78,114250.0
2022-10-12,32.04,33.05,33.16,31.1,127448.0
2022-10-13,32.88,33.95,34.64,32.65,155020.0
2022-10-14,34.13,34.69,35.12,33.84,107610.0
2022-10-17,34.65,35.02,35.31,34.53,101086.0
2022-10-18,35.0,33.93,35.36,33.66,105860.0
2022-10-19,33.93,34.07,34.38,33.44,90834.0
2022-10-20,33.86,34.59,34.8,33.66,133198.0
2022-10-21,34.85,33.91,35.02,33.7,106814.0
2022-10-24,33.64,33.35,34.63,32.89,197874.0
2022-10-25,33.63,31.68,33.63,31.17,235610.0
2022-10-26,31.62,33.62,33.87,31.5,225884.0
2022-10-27,34.84,37.02,37.02,34.84,367863.0
2022-10-28,37.02,38.09,38.94,36.54,623133.0
2022-10-31,37.64,41.32,41.93,36.88,548589.0
2022-11-01,41.27,41.56,42.79,39.6,378715.0
2022-11-02,41.29,40.44,41.79,40.25,321498.0
2022-11-03,39.67,38.32,40.83,37.45,446756.0
2022-11-04,38.31,40.12,40.54,38.14,347880.0
2022-11-07,39.34,39.25,40.97,38.82,270345.0
2022-11-08,39.3,40.09,40.23,38.44,191296.0
2022-11-09,39.66,39.29,40.07,39.14,136424.0
2022-11-10,39.2,40.03,40.79,38.94,190068.0
2022-11-11,41.64,40.74,43.14,39.95,276048.0
2022-11-14,41.62,41.17,41.74,40.14,189023.0
2022-11-15,40.58,42.74,43.59,40.58,283242.0
2022-11-16,42.69,42.43,43.61,41.92,124169.0
2022-11-17,42.44,42.84,43.31,41.86,174616.0
2022-11-18,42.85,43.32,44.74,42.84,207736.0
2022-11-21,43.16,42.02,43.65,41.44,175479.0
2022-11-22,41.99,41.93,42.71,41.24,109270.0
2022-11-23,41.75,42.3,42.52,41.55,119774.0
2022-11-24,42.34,40.59,42.58,40.42,165689.0
2022-11-25,40.67,40.09,40.88,39.67,199861.0
2022-11-28,39.64,39.58,40.36,39.14,151202.0
2022-11-29,39.68,39.74,40.22,38.95,153463.0
2022-11-30,39.54,39.6,40.19,39.12,118962.0
2022-12-01,40.14,40.54,40.89,39.58,163277.0
2022-12-02,40.09,39.74,41.14,39.68,149368.0
2022-12-05,40.14,39.94,40.77,39.54,135536.0
2022-12-06,39.84,39.61,40.31,39.44,115028.0
2022-12-07,39.66,39.35,39.99,39.17,113146.0
2022-12-08,39.36,39.26,39.54,38.56,118173.0
2022-12-09,39.25,39.14,39.64,38.44,219333.0
2022-12-12,39.09,39.58,40.14,38.91,168160.0
2022-12-13,39.43,38.43,39.94,38.4,118468.0
2022-12-14,38.45,38.54,38.93,38.04,84870.0
2022-12-15,38.53,38.43,38.84,38.15,76721.0
2022-12-16,38.32,38.03,38.36,37.54,132602.0
2022-12-19,38.01,38.14,38.42,37.14,67495.0
2022-12-20,37.64,36.43,37.94,36.08,160930.0
2022-12-21,36.71,36.5,37.4,36.24,80346.0
2022-12-22,36.77,37.31,37.87,36.54,115010.0
2022-12-23,37.3,38.14,38.84,37.11,138332.0
2022-12-26,38.13,39.23,39.55,38.13,118840.0
2022-12-27,39.36,39.38,39.61,38.75,79882.0
2022-12-28,39.47,38.95,39.83,38.76,97620.0
2022-12-29,38.99,40.01,40.14,38.54,126678.0
2022-12-30,39.95,40.1,40.82,39.84,93064.0
2023-01-03,39.99,41.54,41.81,39.75,188785.0
2023-01-04,41.71,42.4,42.69,41.01,257842.0
2023-01-05,41.96,41.73,42.38,41.34,99206.0
2023-01-06,42.07,41.85,43.64,41.34,218465.0
2023-01-09,41.22,42.17,42.75,40.54,191544.0
2023-01-10,42.23,42.62,43.42,41.77,137950.0
2023-01-11,42.59,41.62,42.59,41.34,168145.0
2023-01-12,41.55,41.72,42.08,41.04,127882.0
2023-01-13,41.88,41.85,42.01,41.25,79005.0
2023-01-16,42.13,43.64,44.06,41.85,240107.0
2023-01-17,43.41,43.63,44.13,43.2,108525.0
2023-01-18,43.64,45.64,46.36,43.56,237826.0
2023-01-19,45.64,46.03,46.41,45.18,158647.0
2023-01-20,45.89,45.85,46.61,45.39,114014.0
2023-01-30,46.64,45.93,47.99,45.64,182078.0
2023-01-31,46.33,46.86,47.29,45.72,197319.0
2023-02-01,46.85,47.42,47.74,46.6,193598.0
2023-02-02,49.44,46.86,50.04,45.99,523178.0
2023-02-03,47.06,47.48,47.86,46.53,252948.0
2023-02-06,47.29,47.01,47.64,46.48,151822.0
2023-02-07,46.76,46.3,46.94,45.54,213009.0
2023-02-08,46.54,47.44,47.64,46.09,140765.0
2023-02-09,47.43,46.92,47.43,46.04,198446.0
2023-02-10,46.7,46.04,46.71,45.46,193934.0
2023-02-13,45.82,46.0,46.89,45.82,204557.0
2023-02-14,46.09,46.0,46.41,45.56,132790.0
2023-02-15,45.94,45.95,46.51,45.79,99245.0
2023-02-16,45.95,45.07,46.14,44.64,192101.0
2023-02-17,44.84,43.61,45.19,43.57,200409.0
2023-02-20,44.14,44.4,44.59,43.69,108991.0
2023-02-21,44.42,44.94,45.71,43.95,207585.0
2023-02-22,44.52,44.19,44.63,43.58,171763.0
2023-02-23,44.0,43.84,44.44,43.42,93827.0
2023-02-24,43.74,44.15,44.74,43.74,149651.0
2023-02-27,43.55,43.96,45.63,43.54,162185.0
2023-02-28,44.15,44.04,44.94,43.52,171308.0
2023-03-01,44.04,44.92,45.02,43.75,156280.0
2023-03-02,44.66,45.01,45.75,44.31,118735.0
2023-03-03,44.99,45.13,45.38,44.5,103870.0
2023-03-06,45.54,45.85,46.19,44.92,136622.0
2023-03-07,45.76,43.72,45.76,43.64,182142.0
2023-03-08,43.73,44.41,44.58,43.65,116872.0
2023-03-09,44.09,45.23,45.43,43.4,145396.0
2023-03-10,45.06,44.91,45.48,44.74,92411.0
2023-03-13,44.74,46.63,47.22,44.14,231144.0
2023-03-14,46.63,46.1,46.71,45.71,103446.0
2023-03-15,46.44,45.73,47.24,45.58,113505.0
2023-03-16,45.34,44.8,45.73,44.57,112816.0
2023-03-17,45.3,46.89,47.63,45.3,230457.0
2023-03-20,46.69,44.83,47.39,44.72,177169.0
2023-03-21,45.22,44.96,45.75,44.44,137402.0
2023-03-22,45.32,44.54,45.32,44.22,170005.0
2023-03-23,44.24,45.57,45.66,43.15,243316.0
2023-03-24,45.51,47.04,47.14,44.98,295970.0
2023-03-27,46.84,50.24,51.78,46.84,664685.0
2023-03-28,49.51,48.64,49.76,48.04,288055.0
2023-03-29,49.25,48.57,49.78,47.89,222491.0
2023-03-30,48.24,48.02,48.72,47.33,156615.0
2023-03-31,47.85,52.86,52.86,47.14,522448.0
2023-04-03,53.64,57.21,57.82,53.52,839718.0
2023-04-04,58.36,56.85,58.74,55.33,593371.0
2023-04-06,54.45,52.45,54.84,51.23,636754.0
2023-04-07,52.34,52.84,54.03,51.25,346600.0
2023-04-10,52.84,48.64,53.1,48.4,582942.0
2023-04-11,48.64,48.82,49.58,48.06,365347.0
2023-04-12,48.96,50.24,51.17,48.84,397818.0
2023-04-13,50.64,50.51,52.94,50.24,494122.0
2023-04-14,50.32,50.14,50.86,49.18,206860.0
2023-04-17,50.03,49.73,50.63,48.9,212811.0
2023-04-18,49.64,49.65,50.78,49.17,223158.0
2023-04-19,49.64,50.75,52.05,49.41,332002.0
2023-04-20,51.02,49.7,52.52,47.85,507603.0
2023-04-21,49.71,48.8,51.09,48.54,297419.0
2023-04-24,48.52,47.08,48.94,46.54,261106.0
2023-04-25,46.89,46.34,47.82,45.91,285752.0
2023-04-26,46.74,45.24,47.19,45.04,234639.0
2023-04-27,44.75,45.63,46.02,44.19,218268.0
2023-04-28,46.24,49.04,49.26,46.24,411862.0
2023-05-04,49.25,46.44,49.25,45.77,312887.0
2023-05-05,46.1,46.86,47.69,45.83,212173.0
2023-05-08,46.86,46.5,47.11,45.36,244460.0
2023-05-09,46.14,46.08,48.02,45.76,214088.0
2023-05-10,45.64,45.89,46.84,45.53,138715.0
2023-05-11,45.9,44.94,46.21,44.92,159473.0
2023-05-12,44.65,44.53,45.07,44.39,123797.0
2023-05-15,44.53,43.78,44.55,42.64,263997.0
2023-05-16,43.94,42.09,44.03,41.8,325043.0
2023-05-17,41.95,42.2,42.98,41.84,169918.0
2023-05-18,42.52,42.71,43.51,42.33,177076.0
2023-05-19,42.64,42.42,42.77,41.77,149790.0
2023-05-22,42.28,42.59,42.73,41.71,149163.0
2023-05-23,42.58,42.14,42.89,41.94,92844.0
2023-05-24,42.05,41.7,42.16,41.44,109263.0
2023-05-25,41.6,41.22,41.93,40.61,162900.0
2023-05-26,41.23,41.77,41.96,40.84,105932.0
2023-05-29,42.22,41.98,42.52,41.56,127710.0
2023-05-30,41.98,41.94,42.1,40.78,238355.0
2023-05-31,41.73,42.12,42.32,41.56,118796.0
2023-06-01,41.74,43.57,44.19,41.45,312399.0
2023-06-02,43.52,43.38,43.74,42.78,201176.0
2023-06-05,43.5,43.25,43.88,42.95,124425.0
2023-06-06,43.14,42.16,43.34,41.9,129377.0
2023-06-07,42.03,42.63,43.23,41.84,100214.0
2023-06-08,42.52,41.92,42.64,41.37,149765.0
2023-06-09,42.18,41.44,42.41,40.74,219129.0
2023-06-12,41.37,40.35,41.6,40.12,251865.0
2023-06-13,40.59,42.28,42.62,39.69,277074.0
2023-06-14,42.45,43.54,44.24,42.45,267118.0
2023-06-15,43.54,43.36,43.74,42.67,179841.0
2023-06-16,43.29,44.28,44.57,42.71,226922.0
2023-06-19,44.96,45.96,46.41,44.52,424819.0
2023-06-20,46.78,50.58,50.58,46.45,811736.0
2023-06-21,49.48,49.17,50.85,49.01,569656.0
2023-06-26,48.27,45.0,48.44,44.64,488899.0
2023-06-27,44.88,44.65,45.92,44.03,377188.0
2023-06-28,45.57,44.17,45.57,42.66,372542.0
2023-06-29,44.83,45.07,45.93,43.37,369226.0
2023-06-30,44.62,44.06,44.92,43.54,250044.0
2023-07-03,44.53,44.24,45.07,42.85,272616.0
2023-07-04,43.91,43.92,44.37,43.64,210078.0
2023-07-05,43.91,42.77,44.27,42.75,199016.0
2023-07-06,42.28,42.12,42.77,41.89,218082.0
2023-07-07,41.94,41.34,42.09,40.78,219495.0
2023-07-10,42.22,40.18,42.52,39.88,433172.0
2023-07-11,40.21,36.99,40.21,36.14,933152.0
2023-07-12,37.27,36.24,37.71,36.14,422500.0
2023-07-13,36.65,36.43,36.7,35.95,386790.0
2023-07-14,37.16,37.47,38.45,36.77,491695.0
2023-07-17,37.77,38.09,38.46,37.47,331790.0
2023-07-18,37.87,37.52,38.16,37.37,257669.0
2023-07-19,37.88,37.51,38.12,37.29,209938.0
2023-07-20,37.51,36.55,37.56,36.47,250361.0
2023-07-21,36.27,36.22,36.7,36.07,157375.0
2023-07-24,36.23,36.41,36.65,35.99,145045.0
2023-07-25,37.39,38.16,38.52,37.15,471918.0
2023-07-26,37.78,37.43,37.87,37.14,221673.0
2023-07-27,37.41,36.75,37.47,36.47,263091.0
2023-07-28,36.56,39.66,39.87,36.37,663844.0
2023-07-31,40.26,40.89,41.18,39.75,605751.0
2023-08-01,40.31,40.59,41.17,40.07,240284.0
2023-08-02,40.41,40.68,41.56,40.28,227432.0
2023-08-03,40.38,41.15,41.43,40.17,267346.0
2023-08-04,42.17,41.31,43.05,41.27,703925.0
2023-08-07,40.77,41.17,41.57,40.45,315186.0
2023-08-08,40.89,40.62,41.23,40.47,220446.0
2023-08-09,40.57,40.29,41.13,40.23,156117.0
2023-08-10,40.29,40.64,40.76,39.67,206218.0
2023-08-11,41.06,39.19,41.06,39.16,283263.0
2023-08-14,38.17,38.82,39.17,38.02,241381.0
2023-08-15,38.66,38.7,38.95,38.15,179118.0
2023-08-16,38.35,37.98,39.0,37.73,186486.0
2023-08-17,37.78,37.77,37.96,37.32,179990.0
2023-08-18,37.68,37.0,38.22,36.97,165750.0
2023-08-21,36.85,36.56,37.32,36.14,171362.0
2023-08-22,36.65,36.48,37.02,35.66,250407.0
2023-08-23,36.32,34.88,36.37,34.84,300211.0
2023-08-24,35.16,35.08,35.75,34.62,229203.0
2023-08-25,34.82,33.93,35.05,33.67,253344.0
2023-08-28,37.35,35.24,37.35,35.15,509904.0
2023-08-29,35.12,35.45,35.97,34.68,387582.0
2023-08-30,35.5,35.75,36.11,35.33,264222.0
2023-08-31,35.76,35.77,36.35,35.52,232424.0
2023-09-01,35.81,35.94,36.47,35.7,175237.0
2023-09-04,36.12,36.0,36.17,35.27,222384.0
2023-09-05,35.83,35.21,35.9,35.21,198028.0
2023-09-06,34.97,34.9,35.07,34.59,151902.0
2023-09-07,34.94,34.0,34.94,33.86,188962.0
2023-09-08,33.8,33.75,34.07,33.35,120306.0
2023-09-11,33.77,33.95,34.32,33.47,219725.0
2023-09-12,33.75,33.38,33.87,33.37,169777.0
2023-09-13,33.37,32.66,33.44,32.27,214186.0
2023-09-14,32.85,32.01,32.87,31.78,170391.0
2023-09-15,32.07,31.87,32.47,31.67,198231.0
2023-09-18,32.12,32.45,32.87,31.95,231272.0
2023-09-19,32.49,31.81,32.62,31.71,173269.0
2023-09-20,31.81,31.83,32.6,31.77,153565.0
2023-09-21,31.77,31.92,32.19,31.5,150468.0
2023-09-22,31.77,32.59,32.7,31.7,274619.0
2023-09-25,32.72,32.2,32.75,31.92,218857.0
2023-09-26,32.21,32.38,32.85,32.08,178988.0
2023-09-27,32.18,32.25,32.53,32.03,152540.0
2023-09-28,32.31,32.22,32.36,31.95,151141.0
2023-10-09,32.15,31.7,32.16,31.58,190700.0
2023-10-10,31.74,31.59,32.39,31.58,223870.0
2023-10-11,31.83,32.2,32.66,31.48,279021.0
2023-10-12,32.85,32.13,32.87,31.95,225082.0
2023-10-13,31.87,31.58,31.88,31.16,230238.0
2023-10-16,31.55,30.88,31.55,30.76,171854.0
2023-10-17,31.06,31.26,31.49,30.87,152927.0
2023-10-18,30.91,30.7,31.03,30.17,184740.0
2023-10-19,30.36,30.28,30.98,30.25,172472.0
2023-10-20,30.17,29.69,30.35,29.54,194088.0
2023-10-23,29.57,29.57,30.07,29.23,173440.0
2023-10-24,29.57,30.47,30.7,29.19,326883.0
2023-10-25,30.72,30.63,31.31,30.42,258063.0
2023-10-26,30.48,30.33,30.76,29.97,194756.0
2023-10-27,30.44,30.9,31.03,29.67,314411.0
2023-10-30,30.63,31.45,31.77,30.57,299334.0
2023-10-31,31.58,30.89,31.64,30.61,217964.0
2023-11-01,31.2,30.57,31.22,30.52,170181.0
2023-11-02,30.63,30.07,30.99,30.06,162245.0
2023-11-03,30.18,31.07,31.27,30.09,279204.0
2023-11-06,31.5,32.32,32.53,31.42,398202.0
2023-11-07,32.23,32.41,32.55,31.92,222457.0
2023-11-08,32.45,32.53,33.01,32.09,253519.0
2023-11-09,32.46,32.4,32.65,32.17,156689.0
2023-11-10,32.28,32.37,32.6,32.0,193369.0
2023-11-13,33.1,33.19,33.84,32.77,363051.0
2023-11-14,33.08,33.57,33.85,32.88,274540.0
2023-11-15,33.98,33.27,34.11,33.21,240490.0
2023-11-16,33.12,32.92,33.54,32.89,157533.0
2023-11-17,32.67,32.27,33.18,32.12,300805.0
2023-11-20,32.27,32.53,32.87,31.87,237760.0
2023-11-21,32.65,32.22,32.81,32.09,160027.0
2023-11-22,32.07,31.73,32.43,31.65,140843.0
2023-11-23,31.59,31.61,31.75,30.98,165211.0
2023-11-24,31.62,30.9,31.62,30.84,151318.0
2023-11-27,30.82,30.57,30.96,30.38,127432.0
2023-11-28,30.56,30.61,30.8,30.29,113086.0
2023-11-29,30.61,30.12,30.75,30.07,133961.0
2023-11-30,30.08,29.8,30.27,29.61,133599.0
2023-12-01,29.79,30.53,30.69,29.71,186780.0
2023-12-04,30.38,30.35,30.63,30.18,170717.0
2023-12-05,30.26,29.16,30.27,29.16,238848.0
2023-12-06,29.17,28.91,29.27,28.5,256413.0
2023-12-07,28.87,28.91,29.14,28.47,200658.0
2023-12-08,28.84,29.23,29.51,28.81,223224.0
2023-12-11,29.15,29.98,30.16,28.65,273567.0
2023-12-12,29.94,29.49,30.01,29.33,223229.0
2023-12-13,29.55,29.11,29.93,29.1,235863.0
2023-12-14,29.37,28.94,29.64,28.92,155482.0
2023-12-15,29.09,28.54,29.13,28.48,185556.0
2023-12-18,28.32,28.26,28.95,28.07,160454.0
2023-12-19,28.25,28.43,28.58,28.04,150101.0
2023-12-20,28.32,27.18,28.39,27.17,306143.0
2023-12-21,27.02,27.77,27.9,26.88,278352.0
2023-12-22,27.71,27.44,27.9,27.25,214531.0
2023-12-25,27.43,27.22,27.77,27.1,171085.0
2023-12-26,27.13,26.77,27.34,26.61,136353.0
2023-12-27,26.8,26.8,26.97,26.44,200169.0
2023-12-28,26.71,28.34,28.65,26.35,397239.0
2023-12-29,28.32,28.53,28.82,28.18,246187.0
2024-01-02,28.92,27.95,28.97,27.91,221371.0
2024-01-03,27.94,27.01,27.94,26.48,366391.0
2024-01-04,26.78,25.75,26.82,25.47,485268.0
2024-01-05,25.74,25.61,26.06,25.39,247274.0
2024-01-08,25.37,24.79,25.53,24.75,278548.0
2024-01-09,24.89,24.76,25.25,24.47,217169.0
2024-01-10,24.67,24.46,24.87,24.2,191851.0
2024-01-11,24.37,24.79,24.89,24.37,239279.0
2024-01-12,24.65,24.56,24.84,24.47,187041.0
2024-01-15,24.42,24.37,24.76,24.21,174721.0
2024-01-16,24.26,24.44,24.45,23.91,206706.0
2024-01-17,24.3,23.67,24.32,23.67,207593.0
2024-01-18,23.47,24.28,24.38,23.23,311407.0
2024-01-19,24.16,23.93,24.26,23.86,172900.0
2024-01-22,23.82,22.97,24.04,22.77,263229.0
2024-01-23,22.97,23.67,23.83,22.83,261311.0
2024-01-24,24.06,24.27,24.52,22.98,352420.0
2024-01-25,24.07,24.45,24.63,23.64,414441.0
2024-01-26,24.26,24.06,24.5,23.97,260570.0
2024-01-29,24.07,22.48,24.07,22.42,570455.0
2024-01-30,22.31,21.74,22.73,21.71,304765.0
2024-01-31,21.69,20.81,21.87,20.56,444422.0
2024-02-01,20.74,20.8,21.43,20.42,362124.0
2024-02-02,20.9,19.82,21.19,19.1,446171.0
2024-02-05,19.7,19.07,19.81,18.37,480875.0
2024-02-06,18.97,20.41,20.53,18.8,483398.0
2024-02-07,20.41,20.67,21.13,20.35,465557.0
2024-02-08,20.85,21.52,21.56,20.75,466094.0
2024-02-19,22.01,22.04,22.21,21.37,446850.0
2024-02-20,21.82,21.84,21.9,21.53,270266.0
2024-02-21,21.67,22.41,23.22,21.53,479616.0
2024-02-22,22.45,22.94,23.03,22.37,359502.0
2024-02-23,22.97,23.03,23.08,22.67,322681.0
2024-02-26,23.0,23.04,23.43,22.76,319234.0
2024-02-27,22.88,24.15,24.15,22.85,514056.0
2024-02-28,24.29,23.07,25.01,23.07,656755.0
2024-02-29,22.83,24.19,24.4,22.83,481399.0
2024-03-01,24.17,25.0,25.17,24.02,631156.0
2024-03-04,25.27,24.56,25.32,24.33,468590.0
2024-03-05,24.38,24.1,24.5,23.84,391527.0
2024-03-06,23.92,23.88,24.24,23.41,343300.0
2024-03-07,24.0,23.02,24.06,23.0,363598.0
2024-03-08,23.02,23.79,24.14,22.75,377909.0
2024-03-11,23.52,24.02,24.03,23.22,354228.0
2024-03-12,24.02,24.27,24.31,23.87,364163.0
2024-03-13,24.3,24.21,24.67,24.09,420409.0
2024-03-14,24.18,23.88,24.18,23.45,381672.0
2024-03-15,23.75,23.85,23.92,23.23,318536.0
2024-03-18,23.81,24.75,24.75,23.79,508061.0
2024-03-19,24.72,24.41,24.83,24.38,311532.0
2024-03-20,24.41,24.73,24.97,24.34,390984.0
2024-03-21,24.95,25.2,26.07,24.92,757619.0
2024-03-22,25.12,24.64,25.17,24.19,534863.0
2024-03-25,24.94,23.7,25.03,23.65,415082.0
2024-03-26,23.57,23.2,23.8,22.96,327206.0
2024-03-27,23.12,21.85,23.17,21.79,389174.0
2024-03-28,21.77,22.51,22.7,21.68,329557.0
2024-03-29,22.51,22.33,22.51,21.97,217141.0
2024-04-01,22.52,23.04,23.05,22.48,272310.0
2024-04-02,22.97,22.69,22.99,22.55,231767.0
2024-04-03,22.63,22.0,22.85,21.97,399721.0
2024-04-08,21.77,21.14,21.84,21.13,395269.0
2024-04-09,21.27,21.29,21.45,21.03,208857.0
2024-04-10,21.22,20.63,21.23,20.47,266833.0
2024-04-11,20.51,20.64,20.97,20.45,215387.0
2024-04-12,20.64,20.29,20.83,20.23,200133.0
2024-04-15,20.38,20.79,21.15,20.13,329643.0
2024-04-16,20.75,20.23,21.15,20.17,264631.0
2024-04-17,20.36,20.8,20.87,20.36,291921.0
2024-04-18,20.67,20.76,21.32,20.37,339345.0
2024-04-19,20.55,20.08,20.6,19.99,315283.0
2024-04-22,19.77,20.34,20.52,19.5,300021.0
2024-04-23,20.35,20.32,20.56,20.19,171269.0
2024-04-24,20.41,20.55,20.56,20.21,207522.0
2024-04-25,21.19,20.22,21.21,20.17,360911.0
2024-04-26,20.32,21.28,21.35,20.28,549986.0
2024-04-29,21.17,22.02,22.24,21.1,562579.0
2024-04-30,21.57,20.38,21.57,20.35,810590.0
2024-05-06,20.81,20.98,21.54,20.77,572531.0
2024-05-07,20.97,21.05,21.26,20.75,269985.0
2024-05-08,20.91,20.56,20.91,20.49,289682.0
2024-05-09,20.54,21.02,21.24,20.53,291323.0
2024-05-10,21.01,20.86,21.2,20.64,214065.0
2024-05-13,20.67,20.6,21.14,20.45,296053.0
2024-05-14,20.6,20.7,20.79,20.52,182055.0
2024-05-15,20.72,20.33,20.73,20.27,207069.0
2024-05-16,20.43,20.68,20.9,20.25,318879.0
2024-05-17,20.6,21.03,21.06,20.53,249956.0
2024-05-20,21.03,21.48,21.77,20.92,374785.0
2024-05-21,21.43,21.07,21.5,21.01,210066.0
2024-05-22,21.06,21.18,21.27,20.84,161789.0
2024-05-23,21.12,20.67,21.2,20.63,216923.0
2024-05-24,20.59,20.02,20.72,19.95,280213.0
2024-05-27,20.09,20.07,20.14,19.57,219357.0
2024-05-28,20.02,19.88,20.09,19.75,129246.0
2024-05-29,19.78,19.83,20.07,19.69,124115.0
2024-05-30,19.8,19.8,19.89,19.6,104379.0
2024-05-31,19.86,19.84,20.05,19.8,142338.0
2024-06-03,19.76,19.42,19.82,19.24,209447.0
2024-06-04,19.42,19.6,19.62,19.25,147788.0
2024-06-05,19.5,19.65,19.99,19.48,167494.0
2024-06-06,19.71,19.16,19.77,19.07,186979.0
2024-06-07,19.27,19.16,19.44,18.97,124391.0
2024-06-11,18.96,19.28,19.39,18.9,123147.0
2024-06-12,19.28,19.28,19.43,19.23,126241.0
2024-06-13,19.28,19.09,19.34,19.03,120952.0
2024-06-14,19.06,19.41,19.44,18.85,183539.0
2024-06-17,19.21,19.11,19.4,19.02,175740.0
2024-06-18,19.11,19.27,19.49,19.03,157959.0
2024-06-19,19.35,18.93,19.37,18.87,156689.0
2024-06-20,18.78,18.04,18.83,18.03,322487.0
2024-06-21,17.98,18.12,18.2,17.78,168606.0
2024-06-24,18.0,17.55,18.03,17.54,183425.0
2024-06-25,17.54,17.29,17.68,17.1,218474.0
2024-06-26,17.2,18.02,18.08,17.15,199059.0
2024-06-27,17.89,17.82,18.16,17.75,131326.0
2024-06-28,17.8,17.56,18.08,17.5,177908.0
2024-07-01,17.4,17.36,17.56,16.92,196125.0
2024-07-02,17.36,17.23,17.64,17.19,150100.0
2024-07-03,17.17,17.05,17.28,16.91,134185.0
2024-07-04,17.04,16.5,17.15,16.49,215747.0
2024-07-05,16.51,16.69,16.79,16.35,162026.0
2024-07-08,16.61,16.27,16.69,16.21,139987.0
2024-07-09,16.29,16.44,16.56,16.03,171792.0
2024-07-10,16.05,16.24,16.68,15.81,220119.0
2024-07-11,16.54,16.74,16.9,16.36,190589.0
2024-07-12,16.76,16.62,16.81,16.6,104896.0
2024-07-15,16.6,16.4,16.66,16.36,110285.0
2024-07-16,16.37,16.73,16.78,16.17,147337.0
2024-07-17,16.72,16.84,16.98,16.67,140263.0
2024-07-18,16.77,16.91,16.99,16.55,136201.0
2024-07-19,16.87,17.39,17.52,16.8,248558.0
2024-07-22,17.59,17.66,17.9,17.33,220778.0
2024-07-23,17.71,17.22,17.71,17.22,145893.0
2024-07-24,17.22,16.98,17.29,16.91,130744.0
2024-07-25,16.88,17.33,17.58,16.88,154662.0
2024-07-26,17.34,17.33,17.58,17.22,115132.0
2024-07-29,17.33,17.17,17.39,17.05,101163.0
2024-07-30,17.15,17.22,17.31,17.01,81252.0
2024-07-31,17.22,18.22,18.3,17.2,296319.0
2024-08-01,18.14,18.03,18.28,17.98,146223.0
2024-08-02,17.97,17.72,18.18,17.69,120629.0
2024-08-05,17.58,17.53,18.13,17.42,172177.0
2024-08-06,17.75,17.57,17.86,17.38,144860.0
2024-08-07,17.57,17.39,17.69,17.34,102616.0
2024-08-08,17.26,17.16,17.44,16.89,152308.0
2024-08-09,17.3,16.87,17.33,16.87,103328.0
2024-08-12,16.78,16.63,16.92,16.55,100191.0
2024-08-13,16.63,16.76,16.78,16.51,91254.0
2024-08-14,16.69,16.39,16.81,16.37,119556.0
2024-08-15,16.36,16.48,16.8,16.28,167228.0
2024-08-16,16.5,16.3,16.58,16.3,105722.0
2024-08-19,16.3,16.33,16.58,16.24,111666.0
2024-08-20,16.32,15.89,16.35,15.85,144462.0
2024-08-21,15.84,15.73,15.99,15.7,99849.0
2024-08-22,15.8,15.26,15.87,15.23,157327.0
2024-08-23,15.26,15.6,15.72,15.26,139383.0
2024-08-26,15.65,15.48,15.92,15.38,151859.0
2024-08-27,15.43,15.24,15.45,15.18,110670.0
2024-08-28,15.25,15.45,15.49,15.13,108244.0
2024-08-29,15.39,15.69,15.83,15.34,110254.0
2024-08-30,15.65,16.23,16.44,15.6,212146.0
2024-09-02,16.21,15.74,16.28,15.72,158050.0
2024-09-03,15.71,16.06,16.1,15.71,115982.0
2024-09-04,15.94,16.01,16.23,15.88,103726.0
2024-09-05,16.02,16.23,16.34,16.02,126561.0
2024-09-06,16.46,16.0,16.46,15.99,99705.0
2024-09-09,15.88,15.78,16.06,15.7,104487.0
2024-09-10,15.82,16.1,16.33,15.6,139498.0
2024-09-11,16.04,16.21,16.29,15.97,97274.0
2024-09-12,16.22,16.1,16.4,16.07,90564.0
2024-09-13,16.09,15.89,16.2,15.87,91625.0
2024-09-18,15.83,15.82,15.97,15.57,86231.0
2024-09-19,15.96,16.38,16.46,15.77,188841.0
2024-09-20,16.42,16.53,16.58,16.25,195158.0
2024-09-23,16.54,16.33,16.61,16.31,135614.0
2024-09-24,16.58,17.45,17.52,16.41,455013.0
2024-09-25,17.9,17.8,18.28,17.69,503063.0
2024-09-26,17.85,18.8,18.91,17.7,509317.0
2024-09-27,19.89,20.69,20.69,19.74,580857.0
2024-09-30,22.77,22.77,22.77,22.77,123541.0
2024-10-08,25.06,25.06,25.06,25.06,82030.0
2024-10-09,27.58,27.58,27.58,26.78,1575350.0
2024-10-10,27.9,25.36,28.02,24.9,2488343.0
2024-10-11,24.28,23.28,25.12,23.01,1287194.0
2024-10-14,23.42,24.84,25.42,22.39,1263944.0
2024-10-15,24.35,25.48,27.2,24.15,1440156.0
2024-10-16,24.74,25.48,26.34,24.51,901240.0
2024-10-17,26.02,25.66,26.4,25.08,975131.0
2024-10-18,25.4,28.0,28.24,24.99,1629888.0
2024-10-21,27.9,27.91,28.57,27.17,1363296.0
2024-10-22,27.85,27.0,27.85,26.4,940446.0
2024-10-23,26.89,26.76,27.84,26.62,783547.0
2024-10-24,26.42,26.2,26.98,25.96,596449.0
2024-10-25,26.32,26.28,26.73,25.84,580125.0
2024-10-28,26.19,26.37,26.55,25.9,473829.0
2024-10-29,26.37,25.78,26.99,25.75,666751.0
2024-10-30,25.48,25.77,26.01,25.28,473703.0
2024-10-31,25.89,26.71,27.43,25.6,986472.0
2024-11-01,26.44,25.73,27.05,25.63,721128.0
2024-11-04,25.6,26.4,26.45,25.56,498080.0
2024-11-05,27.12,29.05,29.05,26.68,1411061.0
2024-11-06,30.4,30.39,31.96,29.78,2033755.0
2024-11-07,29.6,32.5,32.78,28.99,1763494.0
2024-11-08,33.42,31.56,33.69,31.49,1363796.0
2024-11-11,31.09,34.33,34.73,30.92,1346046.0
2024-11-12,34.9,34.23,37.2,34.14,1638672.0
2024-11-13,33.7,32.7,34.09,32.2,1108958.0
2024-11-14,32.4,31.56,33.06,31.44,776983.0
2024-11-15,31.24,29.72,32.05,29.71,947998.0
2024-11-18,29.83,29.2,30.48,28.56,721212.0
2024-11-19,29.2,29.9,30.15,28.84,623694.0
2024-11-20,29.87,30.53,31.19,29.62,684196.0
2024-11-21,30.01,30.52,31.0,30.01,494525.0
2024-11-22,30.4,28.86,30.68,28.8,644206.0
2024-11-25,28.84,28.0,29.08,27.33,645462.0
2024-11-26,28.0,27.98,28.69,27.73,341260.0
2024-11-27,27.98,28.88,28.88,27.42,496806.0
2024-11-28,29.7,29.28,30.7,29.22,715102.0
2024-11-29,29.11,30.58,31.6,29.05,898028.0
2024-12-02,30.38,31.24,31.77,30.11,772276.0
2024-12-03,31.03,31.07,31.55,30.5,594136.0
2024-12-04,30.9,30.5,31.19,30.34,449559.0
2024-12-05,30.29,30.92,31.25,30.29,503535.0
2024-12-06,30.92,31.01,32.03,30.54,672215.0
2024-12-09,31.11,31.17,32.46,30.9,597694.0
2024-12-10,33.13,31.76,33.17,31.59,877333.0
2024-12-11,31.61,30.72,31.79,30.32,647680.0
2024-12-12,30.72,31.69,32.18,30.3,681634.0
2024-12-13,31.1,30.02,31.15,29.91,626517.0
2024-12-16,30.02,29.71,30.13,29.53,334063.0
2024-12-17,29.79,29.65,30.21,29.6,330988.0
2024-12-18,29.9,29.78,30.12,29.45,297369.0
2024-12-19,29.36,29.82,29.83,29.2,316899.0
2024-12-20,29.7,29.89,30.27,29.51,322383.0
2024-12-23,29.8,29.15,30.08,29.08,320673.0
2024-12-24,29.23,29.55,29.65,29.04,253978.0
2024-12-25,29.58,29.02,29.65,28.84,261979.0
2024-12-26,29.17,29.04,29.41,28.99,253929.0
2024-12-27,29.11,29.31,29.99,28.93,411213.0
2024-12-30,29.31,29.33,29.53,29.03,222361.0
2024-12-31,29.4,27.89,29.45,27.89,459251.0
2025-01-02,27.58,26.32,27.72,25.6,624820.0
2025-01-03,26.4,25.26,26.64,25.21,409953.0
2025-01-06,25.23,25.06,25.56,24.88,314142.0
2025-01-07,25.15,25.5,25.51,24.91,277218.0
2025-01-08,25.42,25.27,25.62,24.53,343518.0
2025-01-09,25.09,25.32,25.55,25.07,198036.0
2025-01-10,25.31,24.8,25.66,24.8,210878.0
2025-01-13,24.64,25.18,25.38,24.4,250640.0
2025-01-14,25.4,26.56,26.6,25.22,412659.0
2025-01-15,26.52,26.2,26.56,26.12,229303.0
2025-01-16,26.54,25.98,26.87,25.79,268757.0
2025-01-17,25.82,26.05,26.35,25.76,211600.0
2025-01-20,26.47,26.09,26.56,26.03,222675.0
2025-01-21,26.6,26.3,26.67,26.01,210388.0
2025-01-22,26.28,26.01,26.3,25.85,182566.0
2025-01-23,26.6,26.2,27.39,26.2,425675.0
2025-01-24,26.12,26.39,26.59,26.01,269267.0
2025-01-27,26.75,25.84,26.84,25.83,257915.0
2025-02-05,26.7,27.14,27.98,26.61,618091.0
2025-02-06,27.2,28.37,28.75,26.79,571481.0
2025-02-07,28.4,30.05,30.55,28.3,1008179.0
2025-02-10,30.5,30.66,30.86,29.71,773001.0
2025-02-11,30.66,31.1,32.25,30.02,989058.0
2025-02-12,31.4,32.79,32.8,31.24,1120420.0
2025-02-13,32.3,32.1,32.83,31.82,852781.0
2025-02-14,32.05,34.86,35.32,32.05,1723339.0
2025-02-17,35.2,34.53,37.08,33.6,2022640.0
2025-02-18,34.32,32.64,34.91,32.58,1313665.0
2025-02-19,32.9,33.48,33.66,32.6,894054.0
2025-02-20,33.27,32.92,34.1,32.8,656952.0
2025-02-21,33.81,34.98,35.18,32.96,1300940.0
2025-02-24,34.68,33.81,34.98,33.38,922056.0
2025-02-25,32.46,32.63,33.36,32.25,702203.0
2025-02-26,32.9,33.1,33.33,32.35,543129.0
2025-02-27,33.05,32.27,33.1,31.6,613009.0
2025-02-28,32.27,30.45,32.45,30.3,645413.0
2025-03-03,30.45,30.6,31.31,29.96,431743.0
2025-03-04,30.29,30.85,31.07,30.2,322400.0
2025-03-05,30.9,30.83,31.15,30.6,306721.0
2025-03-06,31.8,32.23,32.75,31.21,706269.0
2025-03-07,32.25,31.1,32.28,30.94,594195.0
2025-03-10,31.0,31.03,31.2,30.54,341612.0
2025-03-11,30.34,30.74,30.88,30.29,363857.0
2025-03-12,31.02,30.88,31.6,30.71,403126.0
2025-03-13,30.65,30.15,30.91,29.9,362212.0
2025-03-14,30.15,31.59,31.8,29.97,673599.0
2025-03-17,31.55,31.01,31.56,30.94,357752.0
2025-03-18,31.4,30.95,31.5,30.8,289458.0
2025-03-19,30.82,30.63,30.99,30.45,257043.0
2025-03-20,30.55,30.16,30.95,30.13,411434.0
2025-03-21,29.95,29.21,30.19,29.16,410914.0
2025-03-24,29.21,29.06,29.39,28.5,349080.0
2025-03-25,29.0,28.88,29.42,28.75,230823.0
2025-03-26,28.9,28.9,29.08,28.76,186253.0
2025-03-27,28.83,28.9,29.33,28.54,255496.0
2025-03-28,29.0,28.82,29.07,28.78,173312.0
2025-03-31,27.78,27.94,28.15,27.49,374563.0
2025-04-01,28.11,27.51,28.18,27.49,286042.0
2025-04-02,27.45,27.75,27.97,27.4,184011.0
2025-04-03,27.45,27.46,27.97,27.4,193310.0
2025-04-07,25.2,24.7,26.23,24.7,471507.0
2025-04-08,24.96,24.15,24.96,23.51,600757.0
2025-04-09,23.77,25.11,25.11,23.4,523407.0
2025-04-10,26.05,25.53,26.11,25.46,401325.0
2025-04-11,25.61,25.73,25.95,25.38,281800.0
2025-04-14,26.0,25.97,26.69,25.91,279119.0
2025-04-15,25.92,25.74,26.05,25.53,160125.0
2025-04-16,25.72,25.56,25.75,25.17,186256.0
2025-04-17,25.4,25.63,25.8,25.32,170673.0
2025-04-18,25.51,25.51,25.7,25.33,122483.0
2025-04-21,25.47,25.92,25.95,25.25,178626.0
2025-04-22,25.9,25.8,26.12,25.72,184935.0
2025-04-23,26.1,26.13,26.45,25.86,293856.0
2025-04-24,26.14,25.64,26.41,25.62,251363.0
2025-04-25,25.73,25.75,25.98,25.6,194964.0
2025-04-28,25.75,25.2,25.92,25.18,218191.0
2025-04-29,25.11,25.32,25.55,25.04,152083.0
2025-04-30,25.39,25.85,25.96,25.28,231342.0
2025-05-06,26.28,26.58,26.67,26.19,294140.0
2025-05-07,27.64,26.59,27.84,26.38,446855.0
2025-05-08,26.5,26.62,26.71,26.35,214879.0
2025-05-09,26.61,25.98,26.61,25.93,197294.0
2025-05-12,26.34,27.0,27.1,26.21,324569.0
2025-05-13,27.2,26.58,27.22,26.58,239553.0
2025-05-14,26.52,27.3,27.84,26.23,476214.0
2025-05-15,27.07,26.44,27.07,26.4,280417.0
2025-05-16,26.3,26.32,26.44,26.15,157090.0
2025-05-19,26.16,26.03,26.25,25.68,177237.0
2025-05-20,26.15,26.13,26.24,25.95,120368.0
2025-05-21,26.24,26.39,26.63,26.16,187655.0
2025-05-22,26.32,26.04,26.35,26.0,133113.0
2025-05-23,26.05,25.4,26.09,25.4,202450.0
2025-05-26,25.39,25.51,25.51,25.18,125584.0
2025-05-27,25.4,25.24,25.4,25.21,100269.0
2025-05-28,25.24,25.1,25.4,25.08,95152.0
2025-05-29,25.14,26.13,26.17,25.1,291807.0
2025-05-30,26.01,26.21,27.03,25.9,336144.0
2025-06-03,26.82,26.61,27.32,26.48,391728.0
2025-06-04,26.5,26.59,26.66,26.22,243723.0
2025-06-05,26.72,27.28,27.58,26.67,453450.0
2025-06-06,27.28,26.88,27.36,26.8,226954.0
2025-06-09,27.05,27.1,27.25,26.78,235398.0
2025-06-10,27.1,26.3,27.1,26.05,321275.0
2025-06-11,26.31,26.42,26.97,26.08,265760.0
2025-06-12,26.15,26.72,27.26,26.06,294183.0
2025-06-13,27.42,27.75,28.39,27.42,998473.0
2025-06-16,27.75,30.53,30.53,27.75,1239722.0
2025-06-17,30.53,30.58,31.7,30.04,1656808.0
2025-06-18,30.15,29.88,30.69,29.77,946893.0
2025-06-19,30.29,28.8,30.62,28.66,823563.0
2025-06-20,28.5,28.01,28.84,27.71,576096.0
2025-06-23,27.65,29.79,30.1,27.59,947923.0
2025-06-24,29.69,30.09,30.48,29.23,848949.0
2025-06-25,29.88,32.3,33.0,29.71,1546879.0
2025-06-26,32.5,33.62,35.53,32.44,2316013.0
2025-06-27,33.37,33.72,35.77,32.88,1804249.0
2025-06-30,33.85,33.54,34.68,33.01,1180055.0
2025-07-01,33.25,32.09,33.45,31.88,1012055.0
2025-07-02,32.09,31.61,32.29,31.54,557500.0
2025-07-03,31.63,31.97,32.19,31.45,660421.0
2025-07-04,32.11,32.75,33.76,31.45,1151745.0
2025-07-07,32.44,32.94,33.62,32.31,810697.0
2025-07-08,32.94,33.42,34.06,32.63,878798.0
2025-07-09,33.76,33.78,34.55,33.1,1133917.0
2025-07-10,33.45,33.4,34.27,32.8,944722.0
2025-07-11,33.4,34.52,35.1,33.26,1291473.0
2025-07-14,34.31,33.26,34.31,33.01,793063.0
2025-07-15,33.6,33.7,34.36,33.35,749872.0
2025-07-16,33.33,33.07,33.5,32.8,555656.0
2025-07-17,33.38,33.42,33.74,33.03,480463.0
2025-07-18,33.42,33.68,34.1,33.35,495386.0
2025-07-21,33.5,33.1,33.85,32.95,590124.0
2025-07-22,33.0,32.64,33.17,32.4,605000.0
2025-07-23,32.63,33.05,33.5,32.5,629003.0
2025-07-24,32.75,33.88,34.1,32.7,635531.0
2025-07-25,33.88,33.53,34.24,33.34,480999.0
2025-07-28,33.88,34.38,34.66,33.25,869567.0
2025-07-29,34.18,37.82,37.82,33.8,1635793.0
2025-07-30,38.49,37.0,38.49,36.39,1826842.0
2025-07-31,36.77,36.2,37.86,35.94,1196814.0
2025-08-01,36.0,35.53,36.34,35.02,890275.0
2025-08-04,35.13,34.85,35.4,34.4,684245.0
2025-08-05,34.85,35.03,35.53,34.44,669893.0
2025-08-06,34.96,34.88,35.0,34.54,524115.0
2025-08-07,34.66,34.41,35.2,34.04,654191.0
2025-08-08,34.4,34.41,34.85,33.64,583734.0
2025-08-11,34.4,35.16,35.47,34.27,664741.0
2025-08-12,35.2,35.61,35.64,34.82,637764.0
2025-08-13,35.85,35.69,36.3,35.11,856946.0
2025-08-14,35.71,35.81,37.24,35.71,1091031.0
2025-08-15,35.4,36.86,37.47,34.88,1274653.0
2025-08-18,36.95,37.65,38.47,36.4,1217075.0
2025-08-19,37.55,36.58,38.07,36.55,961955.0
2025-08-20,36.48,37.04,37.09,35.73,766270.0
2025-08-21,38.1,37.45,39.4,37.14,1450451.0
2025-08-22,36.98,38.46,38.46,36.88,1053196.0
2025-08-25,39.3,39.04,40.22,38.46,1255249.0
2025-08-26,38.29,38.15,38.59,37.51,889581.0
2025-08-27,38.18,37.15,38.91,37.12,929232.0
2025-08-28,36.99,37.66,37.68,36.21,822850.0
2025-08-29,38.0,37.49,38.19,37.2,626194.0
2025-09-01,38.21,38.66,39.33,37.5,1105117.0
2025-09-02,38.23,35.9,38.27,35.65,1137486.0
2025-09-03,35.88,34.83,36.23,34.6,607100.0
2025-09-04,34.88,33.98,35.28,33.34,574053.0
2025-09-05,34.1,34.54,34.67,33.52,455061.0
2025-09-08,34.6,35.2,35.34,34.2,407079.0
2025-09-09,35.22,34.43,35.25,34.34,310996.0
2025-09-10,34.6,34.46,35.28,34.43,310581.0
2025-09-11,34.46,35.32,35.32,34.0,562937.0
2025-09-12,35.79,35.0,36.07,34.93,539565.0
2025-09-15,34.88,34.48,34.99,34.44,372947.0
2025-09-16,34.49,34.56,34.72,34.03,355835.0
2025-09-17,34.62,35.04,35.3,34.35,447416.0
2025-09-18,34.8,34.16,35.47,33.75,648430.0
2025-09-19,34.01,33.5,34.39,33.48,377265.0
2025-09-22,33.6,34.04,34.08,33.34,325337.0
2025-09-23,33.9,32.73,33.9,32.09,615702.0
2025-09-24,32.54,33.42,33.48,32.43,424731.0
2025-09-25,33.8,34.58,34.98,33.62,654378.0
2025-09-26,34.5,33.47,34.75,33.47,425678.0
2025-09-29,33.28,34.23,34.78,32.81,603636.0
2025-09-30,34.25,34.52,34.66,34.16,422756.0
2025-10-09,34.52,35.33,35.52,34.16,667091.0
2025-10-10,35.01,34.02,35.04,33.91,505558.0
2025-10-13,32.36,33.47,33.73,32.28,394724.0
2025-10-14,33.84,32.8,34.35,32.65,409999.0
2025-10-15,32.8,33.07,33.15,32.53,239825.0
2025-10-16,33.0,32.16,33.0,32.04,376543.0
2025-10-17,32.18,31.14,32.37,31.02,354864.0
2025-10-20,31.5,31.27,31.79,31.11,252003.0
2025-10-21,31.39,31.83,32.08,31.35,278572.0
2025-10-22,31.6,31.56,31.79,31.42,152093.0
2025-10-23,31.56,31.96,32.0,31.17,217380.0
2025-10-24,32.2,32.24,32.35,31.88,261290.0
2025-10-27,32.5,32.5,32.75,32.23,295404.0
2025-10-28,32.51,32.32,32.81,32.24,288923.0
2025-10-29,32.18,32.56,32.65,32.0,304792.0
2025-10-30,32.5,31.97,32.55,31.93,322661.0
2025-10-31,31.2,31.46,31.88,31.06,386922.0
2025-11-03,31.48,31.24,31.6,30.68,325069.0
2025-11-04,31.08,30.26,31.2,30.09,423667.0
2025-11-05,29.97,29.82,30.19,29.36,397857.0
2025-11-06,29.8,30.08,30.27,29.8,230347.0
2025-11-07,29.83,29.62,29.94,29.61,207670.0
2025-11-10,29.62,29.81,29.84,29.48,220028.0
2025-11-11,29.81,29.13,29.85,29.07,297407.0
2025-11-12,29.1,28.95,29.11,28.8,195283.0
2025-11-13,29.09,29.55,29.57,28.96,241277.0
2025-11-14,29.23,28.86,29.37,28.86,208200.0
2025-11-17,28.79,28.98,29.19,28.71,172608.0
2025-11-18,28.95,29.8,30.05,28.83,494403.0
2025-11-19,29.9,29.51,30.28,29.4,312688.0
2025-11-20,29.86,28.98,29.88,28.88,241313.0
2025-11-21,28.6,28.35,28.98,28.15,293531.0
2025-11-24,28.53,29.5,29.54,28.39,369110.0
2025-11-25,29.6,29.7,30.32,29.45,381185.0
2025-11-26,29.4,29.61,30.14,29.36,270854.0
2025-11-27,29.48,29.24,29.74,29.18,231349.0
2025-11-28,29.15,29.32,29.38,28.98,173027.0
2025-12-01,29.19,29.44,29.45,29.0,198767.0
2025-12-02,29.42,28.98,29.42,28.9,211906.0
2025-12-03,28.95,28.29,29.08,28.11,260137.0
2025-12-04,28.3,28.38,28.55,28.12,160914.0
2025-12-05,28.38,29.22,29.47,28.11,431730.0
2025-12-08,29.52,29.93,30.18,29.44,458929.0
2025-12-09,29.7,29.42,29.87,29.33,236004.0
2025-12-10,29.3,29.7,29.75,28.9,252091.0
2025-12-11,29.69,29.0,29.83,29.0,202516.0
2025-12-12,29.0,29.35,29.48,28.73,233883.0
2025-12-15,29.1,28.84,29.38,28.71,190688.0
2025-12-16,28.78,28.99,29.3,28.51,250726.0
2025-12-17,28.98,29.53,29.68,28.48,371325.0
2025-12-18,29.35,29.02,29.47,29.02,228470.0
2025-12-19,29.12,29.17,29.55,28.99,234490.0
2025-12-22,29.23,29.49,29.73,29.23,264161.0
2025-12-23,29.5,29.2,29.55,29.13,195258.0
2025-12-24,29.1,29.61,29.71,29.05,281718.0
2025-12-25,29.65,30.09,30.17,29.6,382349.0
2025-12-26,29.99,29.98,30.5,29.88,377786.0
2025-12-29,29.93,30.2,30.52,29.89,379593.0
2025-12-30,30.2,30.27,30.58,30.08,403705.0
2025-12-31,30.26,30.15,30.42,30.03,297806.0
2026-01-05,30.18,30.74,30.75,29.9,438194.0
2026-01-06,30.86,31.59,31.75,30.61,665358.0
2026-01-07,31.52,30.96,31.52,30.82,561085.0
2026-01-08,30.83,30.88,31.13,30.7,321162.0
2026-01-09,30.86,31.26,31.28,30.69,477917.0
2026-01-12,31.7,33.42,33.64,31.62,1116485.0
2026-01-13,34.39,32.89,34.51,32.72,1085532.0
2026-01-14,32.71,35.13,36.18,32.71,2519429.0
2026-01-15,34.3,34.24,35.84,33.9,1472286.0
2026-01-16,34.05,33.2,34.84,33.08,918154.0
2026-01-19,32.93,32.84,33.12,32.5,605198.0
2026-01-20,33.17,32.4,33.39,32.03,562149.0
2026-01-21,32.2,32.31,32.78,32.17,431269.0
2026-01-22,32.5,32.26,32.96,32.1,558203.0
2026-01-23,32.45,32.7,32.76,32.39,498265.0
2026-01-26,32.75,32.11,32.83,31.77,549160.0
2026-01-27,32.39,32.66,32.92,31.85,516646.0
2026-01-28,32.67,32.27,32.8,32.23,368714.0
2026-01-29,32.01,32.27,32.78,31.32,505896.0
2026-01-30,31.95,31.05,32.11,31.0,528341.0
2026-02-02,30.9,30.17,31.26,30.17,374438.0
2026-02-03,30.49,30.65,30.67,30.11,280229.0
2026-02-04,30.35,30.44,30.57,29.82,350416.0
2026-02-05,30.2,30.08,30.38,29.96,230294.0
2026-02-06,29.8,29.77,30.13,29.56,229366.0
2026-02-09,30.25,30.51,30.56,30.14,276194.0
2026-02-10,30.58,30.85,31.06,30.37,265396.0
2026-02-11,30.85,30.76,31.11,30.71,201668.0
2026-02-12,30.74,30.74,30.9,30.51,227803.0
2026-02-13,30.62,30.4,30.88,30.33,228466.0
2026-02-24,30.58,30.02,30.68,29.93,262078.0
2026-02-25,30.06,30.15,30.39,30.02,198258.0
2026-02-26,30.3,29.85,30.49,29.78,278729.0
2026-02-27,29.81,30.02,30.11,29.8,205797.0
2026-03-02,29.4,28.95,29.5,28.67,432799.0
2026-03-03,28.94,27.68,29.24,27.65,429248.0
2026-03-04,27.25,27.02,27.65,26.92,392123.0
2026-03-05,27.52,27.48,27.79,27.31,277403.0
2026-03-06,27.35,27.86,27.97,27.31,197841.0
2026-03-09,27.36,27.68,27.85,26.98,276227.0
2026-03-10,28.1,27.93,28.26,27.68,231254.0
2026-03-11,27.95,27.8,28.0,27.71,234355.0
2026-03-12,27.75,27.85,28.08,27.66,190259.0
2026-03-13,27.61,27.29,27.69,27.22,228477.0
2026-03-16,27.11,27.36,27.46,27.02,204830.0
2026-03-17,27.76,27.56,28.17,27.54,351205.0
2026-03-18,27.45,27.52,27.63,27.19,197874.0
2026-03-19,27.14,27.16,27.45,27.08,196397.0
2026-03-20,27.2,26.1,27.29,26.1,320515.0
2026-03-23,25.55,25.04,25.87,24.88,339989.0
2026-03-24,25.57,25.43,25.68,25.05,201121.0
2026-03-25,25.42,25.8,25.95,25.41,202382.0
2026-03-26,25.7,24.98,25.72,24.97,197816.0
2026-03-27,24.65,25.43,25.48,24.56,183516.0
2026-03-30,25.04,25.59,25.6,24.98,191501.0
2026-03-31,25.68,25.53,25.96,25.52,170442.0
2026-04-01,25.88,25.85,25.97,25.67,169265.0
2026-04-02,25.71,25.36,25.72,25.25,140103.0
2026-04-03,25.63,25.2,25.68,25.16,120458.0
